brand_name,model_name,category,release_year,price_usd,weight_g,drop_mm,stack_height_heel_mm,stack_height_forefoot_mm,review_count,urls,queries,summary,pros,cons,sentiment_score,recommended_runner_level,best_for,processed_at
Adidas,Adizero Adios Pro 4,Race/Carbon,,250,200,8.1,36.6,28.5,1,https://runrepeat.com/adidas-adizero-adios-pro-4,Adidas running shoes test,Adizero Adios Pro 4は、前作Adios Pro 3の硬さやアッパー、ヒールロックダウンに不満があったランナーに最適な、大幅にアップデートされたスーパーシューズです。新開発のLightstrike Proフォーム（A-TPU製）により、非常に柔らかく、テスト史上最高の80.4%という驚異的なエネルギーリターンを実現。5Kからマラソンまであらゆるレース距離で優れた反発性とグリップ力を発揮し、特にミッドフットおよびフォアフットストライカーに適しています。前作よりも軽量化され、ヒールスリップも改善されましたが、ヒールストライカーには不安定に感じられる可能性があり、つま先が狭く、アッパーの通気性やミッドソールの反発持続性には課題が残ります。価格は据え置きで、より柔軟なレーシングシューズを求める上級者ランナーに推奨されます。,Adios Pro 3よりも軽量 | ミッドフットおよびフォアフットストライカーに最適 | 快適なガセットタン | 優れたグリップ力と耐久性のあるアウトソール | より柔らかく、反発性の高いLightstrike Proフォーム | ヒールスリップが改善 | より速いランナー向けに改善 | 5Kからマラソンまであらゆる距離に対応する汎用性 | 価格は据え置き,アッパーの通気性が不足 | つま先が狭く、先細り | ヒールストライカーには不安定 | ミッドソールの反発持続性がAdios Pro 3よりも短い,93.0,Advanced,フルマラソン、長距離レース、5Kレース,2025-11-25 14:10:44
ASICS,Novablast 5,Daily Trainer,,,,7.4,40.9,33.5,2,https://runrepeat.com/guides/best-asics-running-shoes; https://runrepeat.com/guides/best-daily-running-running-shoes,best daily training shoes review; ASICS running shoes review,ASICS Novablast 5は、広範なテストとラボ分析の結果、ASICSの総合ベストランニングシューズに選ばれました。優れた快適性、反発性、安定性、耐久性を兼ね備えた万能モデルです。平均より38.4%柔らかい豪華なクッションと高いスタックハイト（40.9/33.5mm）が特徴で、FF Blast MAXフォームにより弾むような履き心地を提供します。幅広のベースと高い柔軟性により、安定した着地と操作性を実現し、耐久性も非常に高いです。短距離から長距離まで幅広いランニングに適していますが、記録更新を狙うような高速レースには不向きです。 | Novablast 5は、あらゆる距離やペースに対応する軽量なデイリートレーナーで、快適性、耐久性、サポート性に優れています。非常に柔らかく高いスタックハイトのミッドソールが特徴で、安定した広いプラットフォームは快適な長距離走行を可能にします。前作より軽量で柔軟性も向上していますが、通気性は平均的で涼しい季節に適しています。,優れた重量とクッションのバランス | これまでで最もクッション性のあるNovablastフォーム | 前作よりも軽量 | クッション性を高める高いスタックハイト | 前作v4と同じ価格を維持 | 短距離、中距離、長距離ランに対応 | 重量とクッションの優れたバランス | FF Blast MAXフォームによる向上したエネルギーリターン | v4と同じ価格を維持 | クッション性を高めるための高いスタックハイト,通気性の改善の余地あり | 記録更新を狙うペースの維持には不向き | トウボックスの耐久性 | トゥボックスの耐久性,91.5,All,毎日のジョグ、中距離から長距離走,2025-11-25 11:13:45
,,Unknown,,,,,,,1,https://www.reddit.com/r/RunningShoeGeeks/comments/19708g5/asics_shoe_rotation_reviews/,ASICS running shoes review,,,,,,,2025-11-25 11:13:55
Asics,Novablast 5,Daily Trainer,,,,,,,1,https://www.runnersworld.com/gear/a22140215/best-asics-running-shoes/,ASICS running shoes review,アシックスの革新的なランニングシューズとして2020年に登場したNovablastシリーズの第5世代。2025年のRunner's World Shoe Awardを受賞したこのモデルは、新ミッドソールフォーム「FF Blast Max」により、優れた衝撃吸収性と高い反発性を両立しています。柔らかく弾むような履き心地が特徴で、テスターからは「浮いているよう」と絶賛されています。通気性の良いメッシュアッパーと、着地時にフォームが広がるよう彫刻されたソール形状が、快適性とパフォーマンスを向上させています。幅広いランナーに適した、多用途なトレーニングシューズです。,2025 Runner's World Shoe Award受賞 | 着地時の衝撃吸収性を高める彫刻されたソール形状 | 新FF Blast Maxフォームによる優れたクッション性と高い反発性 | 軽量で弾むような快適な履き心地 | 足が広がる余裕のある幅広のソール | 通気性を向上させた新しいメッシュアッパー,,95.0,All,毎日のトレーニング、快適な長距離走、テンポラン,2025-11-25 11:14:08
Asics,Megablast,Daily Trainer,2025,225,241,8,,,1,https://theruntesters.com/the-best-asics-running-shoes/,ASICS running shoes review,Asics Megablastは、高いクッション性と軽量性、そして反発性のあるFF Turbo Squaredフォームを特徴とする優れたオールラウンダーです。リカバリーランからハードなセッション、ロングレップ、テンポ走、イージーラン、ロングランまで、幅広い用途に対応できる汎用性の高さが魅力です。ただし、高速走行時にやや硬く感じられることや、一部のランナーには不安定に感じられる可能性、そして非常に高価であることが懸念点として挙げられています。,リカバリーランからハードなセッションまで、幅広い種類のランニングに対応 | 軽量性とFF Turbo Squaredフォームによる高い汎用性と反発性 | ミッドソールの高いクッション性による優れた快適性,一部のランナーには不安定に感じられる可能性がある | 非常に高価であり、価格に見合うより良い選択肢が他ブランドやアシックス内にも存在する | 高速走行時にややブロック状（硬く）感じられることがある,80.0,All,"毎日のジョグ, リカバリーラン, テンポ走, ロングラン, ロングレップ, ハードセッション",2025-11-25 11:14:22
Asics,Superblast 2,Daily Trainer,,,250,8,45,37,1,https://believeintherun.com/shoe-reviews/best-asics-running-shoes/,ASICS running shoes review,Asics Superblast 2は、前作の良さを維持しつつ、アッパーの改良とFlytefoam Turbo PlusとFlytefoam Blast Plus Ecoの二層ミッドソールを特徴とする、バランスの取れたアップデートモデルです。多用途に使える主力シューズとして、日々のトレーニングからレースまで快適に多くの距離を走破できます。ヒール45mm、フォアフット37mmのスタックハイトは変わらず、優れたクッション性を提供。アウトソールにはAsicsGripラバーが採用され、わずかに重量が増加しましたが、これはほとんど気にならないレベルです。プレート非搭載のトレーナーとしては価格が高めですが、その汎用性を考慮すると妥当と評価されています。,多用途性（デイリートレーニングからレースまで対応可能） | 優れたクッション性と保護性 | AsicsGripアウトソールによるグリップ力の向上 | アッパーとミッドソールの改良による快適性とパフォーマンスの維持,前作からわずかに重量が増加（ただし、ほとんど気にならないレベル） | プレート非搭載のトレーナーとしては価格が高め,90.0,All,毎日のトレーニング、長距離走、一部の速いペース走、レース,2025-11-25 11:14:37
Saucony,Endorphin Pro 4,Race/Carbon,,225,220,,38.1,,1,https://runrepeat.com/guides/best-saucony-running-shoes,Saucony running shoes review,Sauconyのラインナップで総合的に最高のランニングシューズ。豊富なクッション性と高いエネルギーリターンを軽量なボディで実現し、長距離レースでは優れた寛容性を、短距離レースでは高い反応性を提供します。S字カーボンプレートとSpeedrollテクノロジーにより、効率的な推進力を生み出し、速く走ることを容易にします。ミッドソールは快適性と反発性を両立し、アッパーは通気性と耐久性に優れています。あらゆるペースに対応する汎用性があり、特にヒールストライカーに適しています。,スーパーシューズとして225ドルの優れた価値 | 強化されたミッドソールの快適性 | これまで以上に安定性が向上 | あらゆるペースに対応する汎用性 | ゆったりとしたアッパーフィット | ヒールストライカーに理想的 | 耐久性のあるアッパーとアウトソール,フォアフットストライカーにはあまり適さない | v3よりわずかに重い | 競合他社の方が速く感じるかもしれない,95.0,Advanced,レース全般、スピードトレーニング,2025-11-25 11:15:10
Saucony,Endorphin Elite 2,Race/Carbon,,275,199,8,39.5,31.5,1,https://believeintherun.com/shoe-reviews/best-saucony-running-shoes/,Saucony running shoes review,Saucony Endorphin Elite 2は、同ブランド最新のスーパーフォーム「incrediRun」を搭載したレースデイシューズです。このフォームは、触ると柔らかく、足を入れるとマシュマロのような反発力と高い応答性を提供し、市場に類を見ないユニークな履き心地を実現します。軽量なTPEヤーンアッパー、フラットニットのシュータン、伸縮性のあるシューレースが快適で通気性の良いフィット感をもたらします。また、トレイルシューズから採用されたPWRTRACアウトソールが優れたグリップ力を発揮し、スロット付きカーボンファイバープレートとアグレッシブなSpeedrollロッカー形状が推進力を高め、楽なストライドを可能にします。幅広いペースのランナーに適しており、サブ3時間から5時間以上のマラソンランナーまで対応する、レースに最適な選択肢です。,独自の柔らかさと高い反発性を兼ね備えたincrediRunフォーム | 軽量で通気性に優れたアッパー構造 | 幅広いレベルとペースのマラソンランナーに適応 | 優れたグリップ力を提供するPWRTRACアウトソール | カーボンプレートとSpeedrollロッカーによる効率的な推進力,高価格帯（275ドル） | 安定性を求めるランナーや幅広の足には不向きな可能性,90.0,All,フルマラソン、レースデイ、高速走行,2025-11-25 11:15:21
Saucony,,Unknown,,,,,,,1,https://runrepeat.com/catalog/saucony-running-shoes,Saucony running shoes review,Sauconyのランニングシューズレビューは、54足のシューズについて実施されており、各シューズのランニング体験を詳細に伝えることを目的としています。レビューは、ラボでの体系的なテストと実際のフィールドでのランニングセッションを組み合わせて行われています。このレビューコレクションには、通気性の良いシューズ、冬用シューズ、初心者向けのモデルからレース対応のモデルまで、また硬めのクッションから非常に柔らかいクッションまで、幅広い種類のSauconyシューズが含まれています。,,,87.0,All,多様なランニング用途,2025-11-25 11:15:34
Saucony,Ride 18,Daily Trainer,,,,,,,1,https://www.runnersworld.com/gear/a22061921/best-saucony-running-shoes/,Saucony running shoes review,本記事は、ランナーには高く評価されつつも一般にはまだ認知度の低いSauconyブランドに焦点を当て、その歴史と主要なランニングシューズ5モデルを紹介しています。特に「Saucony Ride 18」は、Brooks Ghost 17の代替として、初心者からベテランまで幅広いランナーのベース作りにおすすめのニュートラルクッション系デイリートレーナーとして詳しくレビューされています。Pwrrun+クッションの採用により、前作よりも柔らかく反発性が向上し、軽量で弾むような履き心地が特徴で、日常のジョグ、ロングラン、リカバリーラン、ウォーキングなど多用途に活躍します。,長距離ラン（10〜15マイル）でも快適な履き心地 | 優れたシューレースシステム、柔らかいシュータン、クッション性のあるアッパー | 非常にクッション性があり、前世代よりも軽量 | 日常のジョグ、ロングラン、リカバリーラン、ウォーキングなど多用途に使える | 弾むようなエネルギーリターンがあり、素早い足運びを容易にする | つま先部分にゆとりがある,,90.0,All,"毎日のジョグ, ロングラン, リカバリーラン, ウォーキング, ベース作り",2025-11-25 11:15:49
Brooks,Glycerin 22,Daily Trainer,,,,10.3,38.5,28.2,2,https://runrepeat.com/guides/best-brooks-running-shoes; https://believeintherun.com/shoe-reviews/best-brooks-running-shoes/,Brooks running shoes review,Brooks Glycerin 22は、22代目となる安定性と快適性を兼ね備えた最高のランニングシューズです。ラボテストでは、優れたミッドソール、通気性の高いアッパー、耐久性のあるアウトソールが確認されました。高いスタックハイトで衝撃から足を保護しつつ、二重密度のフォームにより安定感も確保されています。特にヒールストライカーに適しており、長距離ランの後半でも安定性と疲労軽減に貢献します。 | Brooks Glycerin 22は、窒素注入された新しいDNA Tunedミッドソールを搭載し、ヒールには柔らかい着地のための大きな気泡、フォアフットには反発性のある蹴り出しのための小さな気泡が特徴です。エンジニアードダブルジャカードメッシュアッパーは快適なフィット感を提供し、フォアフットのラバーは優れた耐久性を約束します。アッパーのデザインは賛否あるものの、快適性、パフォーマンス、耐久性のバランスが取れた堅実なデイリートレーナーとして、長距離ランニングに最適です。価格はやや高めですが、その価値は十分にあります。,安定した走行感 | ヒールストライカーに素晴らしい | 普段使いのシューズとしても優れている | 毎日のランニングに最適 | 快適でぴったりフィットするエンジニアードダブルジャカードメッシュアッパー | 一流の耐久性 | DNA Tunedによる衝撃吸収性の向上 | 長距離での耐久性を約束するフォアフットラバー | 非常に通気性の高いアッパー | スタックハイトの増加,価格の上昇 | 価格がやや高めである | もう少し軽量化が必要 | アッパーのデザインが「醜い」と評されている | つま先部分の高さが低い | 最もエネルギッシュな走りではない,90.0,All,毎日のランニング、長距離走、ヒールストライカー,2025-11-25 11:16:24
Brooks,Adrenaline GTS 25,Stability,,155.0,,,,,2,https://www.brooksrunning.com/en_us/featured/best-sellers/; https://www.brooksrunning.com/en_us/womens/shoes/,Brooks running shoes review,Brooksのベストセラーの一つであるAdrenaline GTS 25は、ロードランニングとウォーキングの両方に適した新しいスタイルのシューズです。高い偏差を持つランナー向けに設計されたサポートテクノロジーを搭載しており、ランナーの自然な動きをガイドします。ナローからエクストラワイドまで、多様な足幅に対応する選択肢が提供されており、幅広いランナーに快適なフィット感を提供します。 | Brooksの女性用ランニングシューズの幅広いラインナップを紹介するページで、特に新スタイルのAdrenaline GTS 25が強調されています。Adrenaline GTS 25は、四半世紀以上にわたり多くのランナーに愛されてきたサポートシューズの伝統を受け継ぎ、構造的なサポートとスムーズな履き心地を提供します。このページでは、路面での衝撃吸収と反発性に優れたGhostシリーズや、非常に柔らかいクッション性を提供するGlycerinシリーズなど、様々なニーズに対応するモデルが紹介されており、ロードランニングからトレイルランニングまで、あらゆるランナーに最適な一足が見つかるでしょう。サポートの度合い（ニュートラル、サポート、マックスサポート）や、狭い、標準、広い、非常に広いといった豊富な幅の選択肢も特徴です。,ナロー、ミディアム、ワイド、エクストラワイドといった多様な幅が選択可能 | ロードランニングとウォーキングの両方に適している | ロードからトレイルまで多様なランニングシーンに対応 | 構造的なサポートとスムーズな履き心地（Adrenaline GTS 25） | 高い偏差を持つランナー向けのサポート機能が充実している | 狭い、標準、広い、非常に広いなど豊富な幅の選択肢 | 新しいスタイルで提供されている | 非常に柔らかい足元のクッション性（Glycerinシリーズ） | 路面での優れた衝撃吸収と反発性（Ghostシリーズ）,,90.0,All,毎日のロードランニング、ウォーキング、サポートを必要とするランナー,2025-11-25 11:16:39
Brooks,Hyperion Elite 5,Race/Carbon,,275,203,8,,,1,https://theruntesters.com/the-best-brooks-running-shoes/,Brooks running shoes review,Brooksのカーボンプレートレーシングシューズの最新モデル。初期のHyperion Eliteは他社のスーパーシューズに及ばなかったものの、Hyperion Elite 4 PBで導入されたPEBAフォーム「DNA Gold」により大幅に改善されました。Hyperion Elite 5はさらに軽量化され、反発性が向上。様々な距離のレースやハードなトレーニングで優れた性能を発揮し、市場のトップレーサーに匹敵するパフォーマンスを提供します。,PEBAフォーム「DNA Gold」による高いパフォーマンス | 市場のトップレーサーに匹敵するパフォーマンス | 軽量で反発性に優れたデザイン | 様々な距離のレースやハードなトレーニングで優れた性能を発揮,他の優れたレーシングシューズと比較して価格が高め | Hyperion Elite 4 PBよりも高価だが、性能は同等レベル | Puma Fast-R Nitro Elite 3など、より高く評価されるレーシングシューズが存在する,80.0,"Advanced, Elite",レース、スピードトレーニング、マラソン,2025-11-25 11:16:53
New Balance,Fresh Foam X 1080 v14,Daily Trainer,,,,4.2,37.0,32.8,1,https://runrepeat.com/guides/best-new-balance-running-shoes,New Balance running shoes review,New Balance Fresh Foam X 1080 v14は、New Balanceのラインナップで最高のランニングシューズとして選ばれました。非常に柔らかいミッドソール、柔軟な構造、優れた通気性により、長時間のランニングでも最高の快適性を提供します。ラボテストでは、ミッドソールが平均より43.3%柔らかく、37.0/32.8mmのスタックハイトが優れた衝撃吸収性をもたらすことが確認されています。柔軟な構造は自然な足の動きを促し、通気性の高いニットアッパーは快適さを保ちます。EVAベースのフォームであるため、スピードランに必要な反発力は不足していますが、プレミアムなデイリートレーナーとして優れた安定性と耐久性を持ち、幅広いランナーに適しています。,優れた耐久性 | 通気性の良いアッパー | 素晴らしい足入れ感 | リカバリーランに最適 | フォアフットおよびミッドフットストライカーに最適 | 雲のような柔らかさのミッドソール | 安定性の向上 | プレミアムなデイリートレーナーとしては手頃な価格,つま先が細く、指の広がりが制限される | 明らかな重量増加 | 反発力に欠ける | ミッドソールが柔らかすぎると感じる人もいるかもしれない,85.0,All,"毎日のジョグ, 長距離ラン, リカバリーラン",2025-11-25 11:17:57
New Balance,Rebel v5,Daily Trainer,,140,225,6,,,1,https://theruntesters.com/the-best-new-balance-running-shoes/,New Balance running shoes review,New Balance Rebel v5は、幅広いランナーに適した高い汎用性を持つシューズです。軽量でありながら優れたクッション性と保護性を備え、シューズ全体が幅広で安定しているため、イージーペースのロングランに最適です。デイリートレーニング全般に優れ、イージーランからテンポ走まで対応可能。一足で様々な用途をこなしたいランナーにとっては、速いセッションやレースにも十分な軽さを持っています。前作v4もまだ入手可能で、v5ほどクッション性はないものの性能は似ており、価格面で魅力的な選択肢となる場合もあります。,幅広設計による高い安定性でロングランに適する | 高い汎用性で幅広いランナーに対応 | 一足でデイリーからレースまでこなせる軽さ | 軽量ながら優れたクッション性と保護性 | New Balanceの他モデルと比較して安価な選択肢 | イージーランからテンポ走まで幅広いペースに対応可能,前作Rebel v4と比較してクッション性は向上したが、価格面では旧モデルがお得な場合がある | よりスピードに特化したセッションやレースには、専門のシューズの方が好ましい,85.0,All,毎日のトレーニング、イージーラン、テンポ走、ロングラン、汎用性の高い一足として,2025-11-25 11:18:14
New Balance,Fresh Foam 1080 v14,Daily Trainer,,,,,,,1,https://www.runnersworld.com/uk/gear/shoes/a32699492/best-new-balance-running-shoes/,New Balance running shoes review,New Balanceのベストセラーモデルである1080のv14は、前作v13と比較して保守的なアップデートが施されました。柔らかく保護的なFresh Foam Xクッションは維持しつつ、v13よりも「ぐにゃぐにゃ感」が減り安定性が向上。フォアフットのクッションが増えたことで、やや硬めのライド感となり、スピードシューズではないものの、反応性が高まりオールラウンダーとしての性能が向上しています。新しいエンジニアードメッシュアッパーは通気性を高め、細身のデザインが中足部のホールド感を強化。高走行距離のマラソンランナー向けに、アウトソールの高摩耗部分にはラバーが追加され耐久性も向上しています。,回復走、ロングラン、初マラソンなど多様なシーンで活躍 | 前作よりも安定性が向上 | 反応性が高まり、オールラウンダーとして幅広い用途に対応 | 通気性に優れた新しいエンジニアードメッシュアッパー | 中足部のホールド感が向上した新しいデザイン | 柔らかく保護的なFresh Foam Xクッション | 高摩耗部分にラバーが追加され耐久性が向上,スピードシューズとしては設計されていない | 足の甲が高いランナーにはトウボックスがやや浅く感じる可能性,85.0,All,回復走、ロングラン、日常のトレーニング、初マラソン,2025-11-25 11:18:28
Mizuno,Wave Polaris EZ2,Unknown,,,,,,,1,https://www.reddit.com/r/running/comments/lkg1m7/people_who_have_used_mizuno_running_shoes_or_are/,Mizuno running shoes review,投稿者は、普段使いのシューズのソールがすり減ってきたため、専用のランニングシューズを探しています。現在、Mizuno Wave Polaris EZ2に注目していますが、このモデルに関する情報やレビューが見つからないため、Mizunoシューズ全般のユーザー意見を求めています。他のMizunoシューズのレビューは有望に見えるものの、実際に使用している人々の意見を聞きたいと考えています。,,,,,,2025-11-25 11:21:09
Mizuno,Wave Rider 26,Daily Trainer,,140,283,12,,,1,https://believeintherun.com/shoe-reviews/mizuno-wave-rider-26-review/,Mizuno running shoes review,Mizuno Wave Rider 26は、控えめなデザインながらもブランドの伝統を受け継ぐクラシックなデイリートレーナーです。Wave PlateとEnerzyフォームの組み合わせにより、着地時の安定性と適度な反発性を提供し、スムーズな走行感を実現します。リサイクル素材を使用したアッパーは快適でフィット感に優れ、アウトソールは優れたトラクションと耐久性を誇ります。一方で、硬めの履き心地やスタックハイトの不足、アグレッシブな12mmドロップ、つま先部分の狭さ、歩行時の違和感が指摘されており、特に伝統的な高ドロップシューズを好むランナーに適しています。,快適で安全なリサイクルメッシュアッパーと十分なパッド | 優れたトラクションと高い耐久性を持つラバーアウトソール | 環境に配慮した素材と性能の両立 | Wave Plateによる着地時の安定性とスムーズな移行 | 舗装路、砂利道、整備されたトレイルなど多様な路面での汎用性 | Enerzyフォームとの組み合わせで応答性の高い走り心地 | 優れたヒールホールドと柔軟なつま先離れ | 同カテゴリーのデイリートレーナーの中では比較的軽量,スタックハイトの不足により、同カテゴリーの競合に比べてクッション性が劣る | 箱から出した直後のアッパーが緩く、調整が必要 | つま先（特に親指周り）の不快感や狭さの可能性 | アグレッシブな12mmドロップは、特定のランナー層（アキレス腱の怪我やヒールストライカー）に限定される | 歩行時にヒールがブロック状に感じられ、違和感がある | Enerzyフォームによる硬めの履き心地で、路面との接触が顕著,65.0,All,毎日のジョグ、多様な路面でのトレーニング,2025-11-25 11:21:31
Mizuno,Neo Zen,Daily Trainer,2025,,,,,,1,https://www.runnersworld.com/gear/a23129470/best-mizuno-running-shoes/,Mizuno running shoes review,Mizuno Neo Zenは、ブランドの最新技術を駆使した革新的なトレーニングシューズで、2025年のRWシューズアワードを受賞しました。TPUベースのEnerzy NXTフォームが「マシュマロの上を走るよう」と評されるほどの非常に柔らかいクッション性と高い反発性を提供し、軽量性も兼ね備えています。これにより、リカバリージョグからロングランの終盤でのペースアップまで、幅広い用途に対応する高い汎用性を実現しています。ロッカー形状のソールと通気性の良いニットアッパーが特徴ですが、一体型タンのフィット感についてはテスター間で意見が分かれました。最新のトレンドである弾むような高スタックミッドソールを採用しており、クッション性と軽快な履き心地を両立したいランナーに強く推奨される一足です。,リカバリージョグからペースアップまで対応できる高い汎用性 | スムーズなライド感 | TPUベースのEnerzy NXTフォームによる非常に高いクッション性とエネルギーリターン | 通気性の良いニットアッパー | 柔らかいクッション性と軽量性の優れたバランス,一体型タンのフィット感がテスター間で意見が分かれた,95.0,All,毎日のトレーニング、リカバリージョグ、ロングラン,2025-11-25 11:21:42
Hoka,Mach 6,Daily Trainer,,,,,,,1,https://www.runnersworld.com/gear/a22515179/the-10-best-hoka-one-one-running-shoes/,Hoka running shoes review,Hoka Mach 6は、ブランドの伝統的なクッション性を保ちつつ、驚くほど軽量化された多用途ランニングシューズです。Hoka独自のProfly+超臨界EVAフォームが、長距離走やリカバリーランでは優れたサポートとクッション性を提供し、テンポ走やインターバル走では十分な反発性と軽さを発揮します。新しいクレールジャカードアッパーとデュアル内部ガセットフラットタンにより、快適なフィット感と走行中のズレ防止を実現。カーボンプレート非搭載ながらもスピード感があり、ヒールクッションが丘でのワークアウトにも適しています。耐久性も高く、あらゆるタイプのランナーにおすすめできる「何でもこなせる」一足です。,Hokaらしからぬ軽量性と、Hokaらしいクッション性を両立している | ヒールクッションが優れており、ヒルワークアウトにも適している | Profly+フォームにより、長距離走、リカバリーラン、テンポ走、インターバル走と幅広い用途に対応可能 | 反発性があり、カーボンプレート非搭載ながらもスピード感を感じられる | 履き心地が非常に快適で、カラーの耐久性も高い | 新しいアッパーとタンの構造により、フィット感が向上し、走行中のズレを防ぐ,カーボンプレート搭載のスピードシューズほどの絶対的な速さはない,95.0,All,毎日のジョグ、長距離走、リカバリーラン、テンポ走、インターバル走、ヒルワークアウト,2025-11-25 11:22:13
Hoka,Bondi 8,Recovery,,,252,4,31,27,2,http://www.lazygirlrunning.com/2023/03/running-shoe-review-hoka-bondi-8.html; https://www.prevention.com/fitness/workout-clothes-gear/a62859399/hoka-vs-asics/,Hoka running shoes review,Hoka Bondi 8は、ブランドで最もクッション性の高いシューズラインの最新作です。見た目のボリューム感と厚いアッパーが快適性を強くアピールしており、前作Bondi 7よりも軽量化され、フォームもより柔らかく反発性のあるものにアップデートされています。ヒールストライカーを意識したヒール形状も特徴です。スピードよりも快適性を重視するランナー、初心者、ヒールストライカー、そしてリカバリーラン用のシューズを探しているランナーに最適です。履き始めは見た目よりも硬く感じるかもしれませんが、走り続けると柔らかさが増し、イージーランやリカバリーランにおいて、ランナーが適切なペースを維持するのに役立ちます。前足部はやや狭いですが、ワイドフィットオプションも用意されています。 | Hoka Bondi 8は、厚いクッションとロッカーボトムが特徴のニュートラル安定性シューズです。APMA（米国足病医学協会）の認定を受けており、足の健康をサポートします。特にゆったりとしたつま先ボックスと豊富なカラーオプションが魅力で、ファッション性も高いと評価されています。ウォーキングやダンスカーディオなどの低負荷活動、日常使い、リカバリーに最適ですが、長距離ランニングでは水ぶくれが発生する可能性があり、Asics Gel Nimbus 26とは異なる用途で使い分けが推奨されています。,関節への負担を軽減し、足の疲労を和らげる | 厚く、雲のようなクッション性で快適な履き心地 | 豊富なカラーオプションがあり、ファッション性が高い | APMA認定により足の健康改善が実証済み | ロッカーボトムがスムーズな重心移動と推進力を提供 | 広いつま先ボックスでゆったりとしたフィット感 | ウォーキングや低負荷活動では長距離でも水ぶくれができにくい | イージーランを確実にイージーペースにさせる効果がある | 豪華でパッド入りのアッパーが非常に快適,ウェイトリフティングには適さない | 長距離ランニングや本格的なトレーニングには不向き | 前足部がやや狭い（ワイドフィットオプションあり） | ランニング時に足裏に水ぶくれができることがある（筆者の経験） | イージー/リカバリーシューズであり、速いペースのランニングには不向き | 見た目ほど弾むような柔らかさはない | Asics Gel Nimbus 26と比較して、より「チャンキー」に見えるデザイン,80.0,All,"毎日のジョグ, リカバリーラン",2025-11-25 11:22:31
Hoka,Clifton,Daily Trainer,,,218.3,5,29,24,1,https://believeintherun.com/shoe-reviews/hoka-clifton-review/,Hoka running shoes review,Hoka Cliftonは、軽量性と驚異的なクッション性を両立したシューズ。長距離走やリカバリーランに最適で、重さを感じさせない。40代になり走行距離が増えた筆者にとって、疲労軽減に貢献。Bondiの重さを解消し、スピードも出しやすい。クッション性は高いが柔らかすぎず、汎用性が高い。しかし、足のボリュームが少ないとフィット感が緩く、マメができる可能性や、クッション性による効率のわずかな低下、15マイル以上の長距離で足の疲労を感じる点が課題。それでも、イージーラン、ファルトレク、テンポ走、ロングランなど、あらゆるトレーニングに対応できる万能シューズとして高く評価されている。,アッパーが軽くて快適 | 長距離走、リカバリーラン、テンポ走など幅広い用途に対応する汎用性 | 高いクッション性がありながら、スピードを出しやすい | （コメント欄より）アキレス腱炎や骨棘の痛みを軽減し、安定性と快適性が高い | 非常に軽量で、重さを感じさせない,足のボリュームが少ないとフィット感が緩く、マメができる可能性がある | 15マイル以上の長距離で足の疲労を感じることがある | （コメント欄より）アウトソールの耐久性に懸念があるケースが見られる | イージーランで意図せずペースが速くなりがち | 高いクッション性により、わずかに効率が失われると感じる,88.0,All,長距離走、リカバリーラン、イージーラン、テンポ走、ファルトレク走,2025-11-25 11:23:08
On,CloudUltra 2,Trail,,,,,,,1,https://www.reddit.com/r/RunningShoeGeeks/comments/1c9jwge/i_bought_my_first_on_running_and_its_not_what_i/,On running shoes review,筆者は長距離ランナーではなく長距離ウォーキング愛好家だが、初めて購入したOn CloudUltra 2に期待外れの評価を下している。シューズは古いAdidas Boostの劣化版のように感じられ、サポートとエネルギーリターンがほとんどないと指摘。New Balance 993やAsics Sonomaよりもサポートが劣ると感じ、ランニング用としては不適切と結論付け、最終的に返品した。一方で、長時間立ち仕事をする医師の友人には好評だったという。,,サポートがほとんどなく、エネルギーリターンもほぼない | 古いAdidas Boostの劣化版のような感触 | ランニング用としては不適切と感じ、最終的に返品した | New Balance 993やAsics Sonomaよりもサポートが劣る,20.0,Unknown,Unknown,2025-11-25 11:23:40
On,Cloudsurfer Next,Daily Trainer,,,,,,,1,https://www.runnersworld.com/gear/a22739511/best-on-running-shoes/,On running shoes review,On Cloudsurfer Nextは、On独自のCloudTec PhaseとHelionフォームを組み合わせたミディアムクッションのプラットフォームにより、ソフトでサポート力のある軽量な履き心地を提供するデイリートレーナーです。ロッカー形状が特徴で、イージーラン、ロングラン、リカバリーランなど、あらゆる種類のワークアウトやコンディションに対応できる高い汎用性を持ちます。スムーズなヒールトゥトランジションと優れたサポート力があり、長距離でも快適さを維持しつつ、様々なペースで安定した走りを提供すると評価されています。,ソフトでサポート力のある軽量な履き心地 | ロッカープロファイルによる優れた反発性と応答性 | あらゆるペース、距離、コンディションに対応する高い汎用性 | 雨天時でも滑りにくいアウトソールのラバーパッド | スムーズなヒールトゥトランジション,,90.0,All,"毎日のジョグ, ロングラン, リカバリーラン, 様々なペースでのトレーニング",2025-11-25 11:23:52
On,Cloudmonster 2,Daily Trainer,,180,,,,,1,https://www.thegoodtrade.com/features/on-running-cloud-shoes-review/,On running shoes review,元熱心なランナーである著者がOn Cloudmonster 2を2ヶ月間テストし、その優れた快適性とサポート性を高く評価しています。特に都市部の硬いコンクリート路面での衝撃吸収性が高く、膝への負担軽減効果を実感しました。軽量で浮遊感のある履き心地は「雲の上を走るよう」と表現され、前作Cloudmonsterからさらにサポートとクッション性が向上しています。価格は180ドルと高めですが、その性能を考慮すれば真剣なランナーにとって価値ある投資とされています。細身の足にフィットし、ややリフト感があるため、足幅が広い人や足首の不安がある人は注意が必要です。Onのサステナビリティへの取り組みも評価されています。,軽量で浮遊感があり、余計な力を使わずに軽快に走れる。 | ミニマリストデザインで、ランニングだけでなく普段使いにも適している。 | Onの継続的なサステナビリティへの取り組みが評価できる。 | 都市部の硬いコンクリート路面からの衝撃を効果的に軽減し、膝の痛みを和らげる。 | サイズは実寸通りで、非常に快適な履き心地で、履いていることを忘れるほど。,価格が180ドルと高価で、予算重視のランナーには不向きな場合がある。 | ややリフト感があり、足幅が狭い人にフィットしやすい。足幅が広い人や足首をひねる懸念がある場合は、他のモデルを検討する必要がある。,90.0,All,都市部のランニング、毎日のジョグ、クッション性とサポート性を求めるランナー、膝への負担を軽減したいランナー,2025-11-25 11:24:09
Adidas,Adizero Evo SL,Daily Trainer,,,,,,,1,https://www.runnersworld.com/gear/a19663621/best-running-shoes/,best daily training shoes review,Runner's Worldのチーフエディター、ジェフ・デンゲートが「今年のベストシューズ」と評した高評価モデル。アディダスのマラソンシューズ「Adios Pro 4」と同じLightstrike Proフォームを採用し、軽量性と優れたクッション性を両立しています。カーボンプレートはないものの、ミッドフットにナイロンシャンクが配され安定性を提供。デイリートレーナーとレーシングシューズの両方の要素を持つ多用途性が特徴です。一部のテスターからはトゥボックスの狭さやシュータンのずれが指摘されたものの、その弾むような走り心地と多様な用途で高い支持を得ています。,デイリートレーナーとレーシングシューズの要素を併せ持つ高い汎用性 | 効率的なストライドをサポート | 軽量でありながらクッション性を損なわない | ミッドフットのナイロンシャンクによる安定性 | 弾むような走り心地,トゥボックスがやや狭いと感じるテスターがいた | ランニング中にシュータンがずれることがあった | ミッドフットが少し広いと感じるテスターがいた,95.0,All,毎日のトレーニング、スピード練習、レース、汎用的なランニング,2025-11-25 10:27:20
,Novablast 5,Daily Trainer,,,254,,40.9,33.5,1,https://runrepeat.com/guides/best-running-shoes,best performance running shoes review,Novablast 5は、オールラウンダーとして優れた快適性、安定性、反発性、耐久性を兼ね備え、究極のランニングシューズとしての地位を確立しています。超厚手のミッドソールは、長距離での極上の快適さを提供し、平均よりも38.4%柔らかいにもかかわらず、ペースアップ時には活気あるライド感をもたらします。どんなペースでも安定感があり、軽量で柔軟性に優れていますが、濡れた路面でのトラクションには課題があります。,Novablastシリーズ史上最もクッション性の高いフォーム | 前作よりも軽量 | v4と同じ価格を維持 | クッション性を高めるためのスタックハイトの増加 | 短距離、中距離、長距離のランニングに対応 | FF Blast MAXフォームによるエネルギーリターンの向上 | 幅広の足に最適なNovablast | 柔軟性の向上 | 重量とクッション性の優れたバランス,通気性の改善の余地がある | 濡れた路面でのトラクション不足 | トゥボックスの耐久性,90.0,All,オールラウンドなランニング、長距離ランニング、デイリートレーニング,2025-11-25 10:26:20
Nike,Alphafly 3,Race/Carbon,,,,,,,2,https://www.reddit.com/r/RunningShoeGeeks/comments/1ip01hr/nike_alphafly_3_review_after_220_miles/; https://runrepeat.com/nike-alphafly-3,Nike Alphafly running shoe review,Nike Alphafly 3は、220マイル（約350km）の走行を経て、レビューアーのマラソントレーニングにおける質の高いセッション（インターバル、閾値走、ロングランなど）で非常に高く評価されています。最初は慣れが必要でしたが、幅広いワークアウトで優れた性能を発揮し、特に他のカーボンプレートシューズと比較して、翌日の脚の疲労感が少ない点が強調されています。200マイル走行後もエネルギーリターンの劣化は感じられず、さらに100〜150マイルは質の高いランニングに使えると期待されています。 | Nike Alphafly 3は、前作の課題を克服し、幅広いランナーにとって優れた選択肢となったマラソン向けレーシングシューズです。驚くほどの軽量性とクラス最高の通気性を持ち、再配置されたAir PodsとZoomXフォームが圧倒的なエネルギーリターンとスムーズなトランジションを提供します。特にマラソンで優れた性能を発揮し、脚が疲労しても前方への推進力をサポート。5K/10Kといった短距離レースにもこれまで以上に適しており、前作でアーチの問題があったランナーや、Alphafly 2の重さを感じていたランナーにもおすすめです。,幅広いサイズにもかかわらず驚くほど軽量 | クラス最高の通気性 | マラソン距離で優れた性能を発揮 | 再配置されたAir Podsによりv2よりも優れたライド感 | 優れたフィット感とホールド性 | 脚が疲れてきた時でも前方への推進力をサポート | ついにスムーズなトランジションを実現 | 5K/10Kレースにもこれまで以上に適している | 安定したプラットフォーム | 非常に快適なアッパー,ヒールストライカーはアウトソールが早く摩耗する可能性 | ソックスのようなタンが全ての人に合うとは限らない | 他のシューズと比較してアウトソールの耐久性が低い | アウトソールの切り抜き部分に小石が挟まりやすい | アーチ部分が一部のランナーには依然として課題となる可能性,91.5,Advanced,フルマラソン、ハーフマラソン、スピード練習、ロングラン,2025-11-25 14:03:50
Nike,Zoom Fly 6,Speed/Tempo,2024,180,244,8,42,34,2,https://believeintherun.com/shoe-reviews/nike-zoom-fly-6-review/; https://theruntesters.com/nike-zoom-fly-6-review/,Nike daily trainer running shoes review; site:theruntesters.com Nike running shoes,Nike Zoom Fly 6は、前作までの不評を覆し、劇的な進化を遂げた「スーパーレーナー」です。デュアルレイヤーのZoomXとSR-02ミッドソール、カーボンファイバープレートを搭載し、AlphaflyやVaporflyのトレーニングパートナーとして、あるいは手頃な価格のレースシューズ代替として設計されました。高いスタックハイトながら安定性に優れ、イージーランからテンポ走、インターバル走まで幅広いペースに対応できる汎用性の高さが特徴です。つま先部分のフィット感や走行音、かかとの浮きといった懸念点はあるものの、全体的には2024年の「最も改善されたシューズ」と評されるほどの高評価を得ています。 | Nike Zoom Fly 6は、前作Zoom Fly 5から大幅にアップグレードされたプレート入りスーパー・トレーナーです。より軽量になり、ミッドソールにはNikeの反発性に優れたZoomXフォームが豊富に搭載されています。主に速いトレーニングセッション向けに設計されていますが、オールラウンダーやレースシューズとしても機能し、今年テストした中でも最高のランニングシューズの一つと評価されています。快適性と安定性も高く、イージーランから速いペースのセッション、マラソントレーニング、長距離レースまで幅広く対応できる汎用性が最大の特長です。ただし、一部の軽量スーパー・トレーナーに比べると、最速ではない点や機敏さに欠ける点、走行音が大きい点が挙げられます。,高いスタックハイトにもかかわらず、優れた安定性 | 濡れた路面でも良好なトラクションを発揮するアウトソール | ZoomXとSR-02フォームの組み合わせにより、柔らかさと安定性を両立 | イージーランからスピードワークまで、幅広い用途に対応する汎用性 | 軽量で、同等のスーパーレーナーと比較しても遜色ない | 安定性：高スタックながらテスト中に安定した走行感を提供 | アッパーのフィット感が良く、快適でサポート力がある | ロッカー形状とカーボンプレートが推進力を提供 | 優れた汎用性：イージーランから速いペースのセッションまで快適に対応可能 | 高い快適性：パッド入りアッパーと豊富なZoomXフォームによる優れたクッション性,わずかながら、かかとの浮きが感じられることがある | 一部の軽量スーパー・トレーナー（Saucony Endorphin Speed 4、Hoka Mach X2）に比べて、最速ではなく、機敏さに欠ける | つま先部分が短く浅いため、足の形によっては窮屈に感じる可能性がある | 走行音が大きく、静かではない | 最高のスーパーシューズほどの絶対的なスピードはない | 走行音が大きい（Nike Alphafly 3と同様の問題）,90.0,Intermediate,スピードトレーニング、テンポ走、インターバル走、日々のトレーニング、レース,2025-11-25 14:04:46
Nike,Alphafly Next %,Race/Carbon,,,,,,,1,https://www.reddit.com/r/RunningShoeGeeks/comments/u6xzxq/why_cant_you_use_the_nike_alpha_fly_next_as_a/,Nike daily trainer running shoes review,ランニングを始めたばかりの投稿者が、高い評価を得ているNike Alphafly Next %に興味を持っています。しかし、このシューズが多くの人に「レースデーシューズ」として推奨され、「デイリートレーナー」としては推奨されない理由について疑問を抱いており、その理由と、適切なデイリートレーナーについて尋ねています。,,,,,,2025-11-25 14:04:59
Nike,Pegasus 40,Daily Trainer,,,,,,,1,https://www.reddit.com/r/RunningShoeGeeks/comments/1hdstmp/550mi_nike_pegasus_40_shoe_review/,Nike Pegasus running shoe review,Nike Pegasus 40は、レビューア（身長173cm、体重63.5kg、ミッドフット〜フォアフットストライカー）にとって、ブレイクインに時間を要するシューズでした。最初の100マイルは硬く、特に最初の50マイルでは水ぶくれが発生したとのこと。しかし、150マイルから400マイルの間は非常に快適に感じられ、500マイルを超えるとソールのクッション性が低下し始め、550マイルで引退となりました。耐久性は高く、ソールにはまだ十分なラバーが残っていましたが、ヒールカップに破れが見られました。前作のPegasus 39とライド感（重さ、エネルギーリターン）が似ており、多用途に使えるワークホースシューズとして評価されています。後継のPegasus 41は箱から出してすぐに快適でブレイクイン不要、エネルギーリターンも優れているため、40よりも推奨されていますが、お得な価格であれば40も良い選択肢とされています。,多用途性（ロード、軽いトレイル、様々なワークアウトに対応） | 優れたヒールロックとフィット感 | 非常に高い耐久性,ヒールカップの破れ | ブレイクインに時間がかかる（最初の100マイルは硬く、50マイルで水ぶくれが発生） | やや退屈なライド感（妥当なエネルギーリターンだが、刺激に欠ける） | やや重い,65.0,All,"毎日のジョグ, 多様なワークアウト, ロードランニング, 軽いトレイル",2025-11-25 14:02:29
Nike,Air Zoom Pegasus 41,Daily Trainer,,140,281,11.4,33.6,22.2,1,https://runrepeat.com/nike-pegasus-41,Nike Pegasus running shoe review,Nike Pegasus 41は、新ReactXフォームと改良されたロッカーデザインにより、特にヒールストライカーやPegasusの長年のファンにとって優れたデイリートレーナーとして進化しました。耐久性が高く、安定性も向上していますが、前作より価格が上がり、低温での性能やグリップには課題があります。初心者から中距離・長距離を走るランナーに適しており、特にReactフォームのエネルギーリターンに不満があったランナーには良い選択肢となるでしょう。ただし、フォアフットストライカーや軽量シューズを求めるランナーには不向きです。,ヒールストライカー向けに強化されている | 新設計のロッカーとベベル | 優れたロックダウン | 堅実なパフォーマンス | 安定性が複数強化されている | 通気性が向上している | 持続可能な特徴がある | 耐久性が高い | 豪華なアッパー | 新しいReactXフォームを採用している,低温環境での性能がv40よりも劣る | 価格が10ドル上がった | グリップが悪い,95.0,All,毎日のジョグ、中距離走、長距離走、ウォーキング、ヒールストライカー向け,2025-11-25 14:02:46
Nike,,Unknown,,,,,,,5,https://www.nike.com/w/best-running-shoes-37v7jz76m50zy7ok; https://www.nike.com/w/mens-running-shoes-37v7jznik1zy7ok; https://www.nike.com/us/running-shoe-finder; https://www.reddit.com/r/trailrunning/comments/1ban1p3/any_nike_trail_shoes_worth_buying/; https://runrepeat.com/catalog/nike-high-arch-running-shoes,Nike running shoes best; site:runrepeat.com Nike running shoes; Nike running shoes test; Nike trail running shoes review,提供されたテキストはNikeのウェブサイトのナビゲーションメニュー、プロモーション、製品カテゴリの一覧であり、特定のランニングシューズのレビュー記事ではありません。そのため、シューズの具体的な特徴、ターゲット層、前作との違いなどに関する情報は抽出できません。 | 提供されたテキストは、Nikeのウェブサイトのナビゲーションメニュー、プロモーション、および製品カテゴリの一覧であり、特定のランニングシューズに関するレビュー記事ではありません。そのため、特定のシューズの性能や特徴、ターゲット層についての情報は含まれていません。 | このRedditの投稿は、Nikeのトレイルランニングシューズ全般について、購入する価値があるか、またどのモデルが最適かというユーザーからの質問を提示しています。特定のシューズのレビューや詳細な情報、比較は含まれていません。,,,,,,2025-11-25 13:55:09
Nike,Project Amplify,Unknown,,,,,,,2,https://about.nike.com/en/newsroom/releases/nike-project-amplify-official-images; https://www.runnersworld.com/gear/a69128148/nike-project-amplify-powered-footwear/,site:runnersworld.com Nike running shoes; Nike running shoes test,Nikeが発表した「Project Amplify」は、ランニングとウォーキングのための世界初の動力付きフットウェアシステムです。日常のアスリートが少ない労力でより速く、より遠くまで移動できるよう設計されており、下肢と足首の自然な動きを増強します。軽量モーター、ドライブベルト、充電式カフバッテリーがカーボンファイバープレート入りシューズと統合され、システム有無どちらでも着用可能です。主に10〜12分/マイルのペースで走るアスリートをターゲットとし、競技者向けではなく、日常の運動にパワーを加え、第二のふくらはぎの筋肉のように機能することを目指します。テストでは上り坂が平坦に感じられたり、ペースアップ効果も確認されており、数年内の一般消費者向け発売が予定されています。 | Nikeが開発中の「Project Amplify」は、歩行や走行を少ない労力で可能にするパワードフットウェアシステムです。ふくらはぎに装着するバッテリー、下腿とシューズのヒールを繋ぐモーター付きアーム、カーボンファイバープレート内蔵シューズで構成されます。筆者は試着体験で、電動アシスト自転車のような推進力を感じ、特にジョギングでは足が地面から離れる感覚が非常に軽くなったと評価しています。自然な動きを制限せず、全体的なエネルギー消費を大幅に削減できる一方で、筆者の通常のランニング速度では重さを感じました。競技者向けではなく、日常生活での移動や、高齢者などより多くの人が楽に長く動けるようになることを目的としたプロトタイプであり、まだ市販化の予定はありません。,高齢者など、より多くの人が楽に移動できるようになる可能性を秘めている | 少ない労力でより速く、より遠くまで移動できる | 装着者に推進力とエネルギーを与える | 少ない労力で歩行・走行が可能になる | 一部のユーザーは12分/マイルから10分/マイルへのペースアップを経験した | 上り坂が平坦に感じる効果がある | 日常のアスリートがより頻繁に、より長く、より楽しく運動できる | ロボットシステムなしでも着用可能なカーボンファイバープレート入りシューズ | 自然な動きを制限せず、足首の自由な可動域を保つ | 全体的なエネルギー消費を大幅に削減できる,まだ市販化の予定がなく、商業的に利用可能な製品のタイムラインは未定 | 具体的な価格、重量、詳細なスペックは未公表である | 競技者や速いランナー向けには設計されていない | 競技者向けではなく、タイムを削る目的には設計されていない | まだテスト段階であり、一般消費者向け発売は数年後である | バッテリーと機械式アームの重さが、ジョギング中に足に負担を感じさせた | 筆者の通常のランニング速度（7分/マイルペース）では、システムなしの方が楽だと感じた,90.0,All,日常のウォーキング、ジョギング、ゆっくりとしたランニング、通勤時の移動、運動習慣の促進,2025-11-25 13:54:43
Nike,Zegama 2,Trail,,,302,,30.3,26.3,1,https://runrepeat.com/guides/best-nike-trail-running-shoes,Nike trail running shoes review,Zegama 2は、Nikeが提供するトレイルランニングシューズの中で最高の総合評価を得ています。ロードシューズのようなプレミアムな快適性をZoomXミッドソールで実現しつつ、Vibram Megagripアウトソールと4.0mmの深いラグにより、様々な地形に対応する保護と優れたトラクションを提供します。ロッカー形状と柔らかいミッドソール（平均的なトレイルシューズより36.1%柔らかい）が長距離ランニングを楽にし、高い耐久性も兼ね備えています。ただし、10.7オンス（302g）という重さが、軽量性を求めるランナーには懸念点となる可能性があります。ミッドフットおよびフォアフットストライカーに特に適しています。,非常に高い耐久性 | Vibram Megagripアウトソールによる優れたグリップ力 | ミッドフットおよびフォアフットストライカーに最適 | 濡れた路面での優れたトラクション | ZoomXフォームによる高い反発性 | 長距離ランニングに適している | ハイキングにも適している | ゆったりとしたアッパー,ヒールストライカーには不向き | もう少し軽量化されると良い,92.0,All,長距離トレイルランニング、様々な地形でのランニング、ハイキング,2025-11-25 14:06:07
Nike,Pegasus Trail 5,Trail,,150,300,9.5,37,27.5,1,https://believeintherun.com/shoe-reviews/nike-pegasus-trail-5-review/,Nike trail running shoes review,Nike Pegasus Trail 5は、前作の優れた快適性と汎用性を引き継ぎつつ、ReactXフォームミッドソールと改良されたアウトソールにより、パフォーマンスを大幅に向上させたロード・トレイル兼用シューズです。特に、長年の課題であったアウトソールのグリップ力が劇的に改善され、濡れた路面や中程度のトレイルでも信頼性が増しました。その美しいデザインとカラーリングは普段使いにも最適で、ウォーキング、ハイキング、旅行、そしてロードからライトなトレイルランニングまで、幅広い用途に対応できる万能な一足として、あらゆるレベルのランナーやアクティブなライフスタイルを送る人々に推奨されます。,アウトソールのグリップ力が大幅に改善され、濡れた路面や中程度のトレイルで良好な性能を発揮 | デザインとカラーリングが非常に優れており、普段使いや旅行にも最適 | アッパーのフィット感が良く、Flywireによる確実なロックダウンと優れた通気性・排水性 | ロードからライト〜中程度のトレイルまで、高い汎用性を持つ | ReactXフォームミッドソールにより、非常に柔らかく快適で反発性のある履き心地,濡れた小川の岩場ではわずかな滑りが見られた（ただし、他のシューズでも起こりうるとのこと） | 前作で指摘された安定性に関する懸念が一部残る可能性 | 泥に特化したシューズではない,88.0,All,ロードからライト〜中程度のトレイルランニング、ウォーキング、ハイキング、普段使い、旅行,2025-11-25 14:06:19
Nike,Vaporfly 3,Race/Carbon,,,199.8675,8,40,32,2,https://www.gq.com/story/nike-vaporfly-3-review; https://www.reddit.com/r/RunningShoeGeeks/comments/11tlxmf/nike_vaporfly_3_review_from_an_average_runner/,Nike Vaporfly running shoe review,Nike Vaporfly 3は、スーパーシューズの先駆者であるVaporflyシリーズの最新作です。2016年のリオ五輪でプロトタイプが注目を集めて以来、その革新的なZoomXフォームとカーボンファイバープレートでランナーの効率を4%向上させると謳われてきました。本レビューでは、2024年ロンドンマラソンに向けたトレーニングでVaporfly 3を試用。前作Vaporfly NEXT% 2と比較して、安定性、ZoomXの柔らかさと反発性、コーナリング性能が向上し、つま先部分のフィット感も改善されています。レースや高速ワークアウトに最適な設計で、速く走ることをより容易に、そして楽しく感じさせる一足。日常使いには向かないが、自己の限界に挑戦するランナーには投資する価値がある、と評価されています。,軽量性と反発力により、速く走るのがより容易で楽しい | スピードシューズとして優れたサポートを提供する | 前作よりも安定性が向上している | コーナリング性能が改善され、曲がりくねったコースにも対応しやすい | ZoomXフォームがより柔らかく、反発性が高いと感じられる | つま先部分に前作よりもゆとりがあり、フィット感が良い,日常のジョギングにはオーバースペックで不向き | 価格が250ドル以上と高価 | 歩く際には独特の違和感がある | シュータンにクッションがなく、靴紐の微調整が必要で圧迫感を感じる可能性がある,92.0,"Advanced, Elite","フルマラソン, レース, 高速ワークアウト",2025-11-25 14:03:12
Nike,Vaporfly 4,Race/Carbon,,260,166,8.6,34.1,25.5,2,https://runrepeat.com/nike-vaporfly-4; https://theruntesters.com/nike-vaporfly-4-review/,Nike Vaporfly running shoe review; site:theruntesters.com Nike running shoes,Nike Vaporfly 4は、Vaporfly 3からの大幅なアップデートで、Alphafly 3にインスパイアされたジオメトリと軽量化により、より高速なライド感を実現しました。特に5K、10K、ハーフマラソンといった短中距離レースに最適化されており、適度なロッカーとフルZoomXミッドソール、カーボンファイバープレートが爆発的な推進力を提供します。従来のスーパーシューズが「高すぎる、分厚すぎる」と感じるランナーには、より接地感のあるパフォーマンスを提供します。軽量ランナーであればフルマラソンにも対応可能ですが、平均的な体格のランナーには21Kまでが推奨されます。重いランナーにはクッション性が物足りない可能性があり、高価である点も考慮すべきです。 | Nike Vaporfly 4は、前作Vaporfly 3からスタックハイトを低くし、よりアグレッシブなデザインへと大幅にアップデートされたカーボンプレート搭載のレーシングシューズです。マラソンよりも短距離イベントに適した特性を持ち、Nike Alphafly 3や他の多くのカーボン製スーパーシューズとは異なる、よりダイレクトでしっかりとした履き心地を提供します。軽量で反発性に優れ、初期のVaporflyモデルに近い感覚を求めるランナーや、低スタックシューズを好むランナーに特に推奨されます。フィット感は標準的ですが、一部でかかとのわずかな滑りが報告されています。耐久性はVaporfly 3から改善されていますが、長距離でのクッション性には好みが分かれる可能性があります。,Vaporfly 3より13%軽量 | より自然なライド感をもたらす適度なロッカー | 丘陵コースでも速くダイレクトな走りを実現し、十分な保護性を提供 | フルZoomXミッドソールを搭載 | 反発力のあるカーボンファイバー製Flyplate | 前足部のラバーカバー範囲が向上 | 改良された通気性のある取り外し可能なインソール | Vaporfly 3よりもアグレッシブでダイレクトなレーシングシューズ | 短距離イベントに最適で、低スタックを好むランナーにはマラソンにも良い選択肢 | 非常に軽量で反発性に優れ、初期モデルのようなしっかりとした履き心地,狭いミッドフットとヒールが安定性を制限する | 一部のテスターでかかとにわずかな滑りが見られた（軽微だが注意点） | フルマラソンにはあまり理想的ではない | Vaporfly 1&2のような弾むような感覚がまだ不足している | 長距離イベントにおいて、より多くのクッションを好むランナーにはミッドソールの薄さが不十分と感じられる | Asics Metaspeed Sky ParisやAdidas Adizero Adios Pro 4のような高スタック・高反発の競合シューズほどの「パンチ力」はない | ハーフマラソン以上の長距離ではクッション性が不足し、よりクッション性のあるスーパーシューズが好まれる可能性,85.0,Advanced,5K、10K、ハーフマラソンレース、軽量ランナーのフルマラソン,2025-11-25 14:03:25
Nike,Zoom Elite 9,Speed/Tempo,,120,235.305,,,,1,https://believeintherun.com/shoe-reviews/nike-air-zoom-elite-9-running-shoe-review/,site:believeintherun.com Nike running shoes,Nike Zoom Elite 9は、軽量で低プロファイルのニュートラルトレーナーでありながら、レーシングフラットとしても機能するスピード重視のシューズです。前作から大きな変更があり、Zoom Streak 6と同じラストを採用。アッパーは軽量で通気性の良いメッシュと非対称のシューレースで快適なフィット感を提供します。ミッドソールにはCushlonフォームと前足部のZoom Airユニットが搭載され、優れた反発性とクッション性を両立。薄いアウトソールは高いグリップ力を発揮し、高速走行をサポートします。レビューアはマラソンでの自己ベスト更新や勝利に貢献したと絶賛しており、スピード練習、テンポ走、そしてレースに最適な一足として高く評価されています。一部でサイズアップの推奨やシューレースがほどけやすいという指摘もありますが、全体的には非常に満足度の高いシューズです。,デイリートレーナーとしても使える十分なクッション性（Thomasの意見） | マラソンでの自己ベスト更新や勝利に貢献する高いレース性能 | デザインが洗練されており、見た目も速そう | アウトソールのグリップ力が高く、ロードや軽いトレイルでも対応可能 | 通気性が良く、快適で美しいフィット感のアッパー | 非常に軽量でスピードが出しやすい | 高速走行時にペースを押し上げる感覚がある | 前足部のZoom Airユニットによる優れた反発性と推進力,Thomasはつま先部分がタイトなため、ハーフサイズアップを強く推奨している | シューレースがほどけやすい場合がある（Meaghanの経験） | 比較的硬いシューズだと感じる人もいる（Matthewの意見）,95.0,Advanced,スピード練習、テンポ走、ロード・トレイルでのレース（特にマラソン）,2025-11-25 13:59:26
Nike,Epic React,Daily Trainer,,,239,10,,,1,https://believeintherun.com/shoe-reviews/nike-epic-react-performance-review/,site:believeintherun.com Nike running shoes,Nike Epic Reactは、Reactフォームの登場により大きな注目を集めたランニングシューズです。ミッドソールはソフトでありながらもだらしなくなく、クッション性と反発性を兼ね備えたダイナミックな履き心地を提供します。Flyknitアッパーはソックスのようなフィット感で、足に吸い付くような快適さを実現。レビューアは、このシューズを履くと知覚よりも速いペースで走れ、ラン後の脚の疲労も少ないと評価しています。デザイン性も高く、日常のジョグからロングラン、ペースアップまで幅広い用途で活躍する、非常に完成度の高い一足として絶賛されています。,優れたエネルギーリターンがあり、地面に足が接する時間が短く感じる | 知覚よりも速く走れる感覚があり、ラン後の脚の疲労が少ない | デザインが非常に魅力的で、普段使いにも適している | Flyknitアッパーはソックスのようなフィット感で、伸縮性があり快適 | 軽量でありながらクッション性と反発性を両立している | Reactミッドソールはソフトでありながらも反発性があり、ダイナミックな履き心地,履き口が狭く、着脱がやや難しい（プルタブの使用が必要） | アウトソールの摩耗が早く見えることがある（ただし性能や寿命には影響しない見た目の問題） | ラストがアグレッシブにカーブしており、中足部が狭いため、甲高や扁平足のランナーにはフィット感の問題が生じる可能性 | ロングランでフォームが崩れると10mmドロップを感じやすく、ミッドフット着地のランナーはストライドにブレーキ感を感じる場合がある,95.0,All,"毎日のジョグ, ロングラン, ペースアップ, レース",2025-11-25 13:59:41
Nike,Vomero 18,Daily Trainer,2025,150,325,10,46,36,1,https://believeintherun.com/shoe-reviews/nike-vomero-18-review/,site:believeintherun.com Nike running shoes,Nike Vomero 18は、Nikeの新しいロードランニングシューズ構造における「マックスクッション」カテゴリのアイコンモデルとして登場しました。ヒール46mm、フォアフット36mmというシリーズ史上最も厚いスタックハイトを誇り、トップ層に弾力性のあるZoomX、ボトム層にReactXフォームを組み合わせた二層ミッドソールが特徴です。前作Vomero 17から6mm増量されたフォームと、カーボンフットプリントを削減しエネルギーリターンを高めるReactXの採用が大きな進化点です。アッパーは快適なエンジニアードメッシュで、履き心地とパッドが強化されています。メンズ10.5サイズで約12オンスと重めですが、レビューアは重さの懸念を上回る快適さに驚きを示しており、毎日のトレーニングや長距離ランに最適な、プレミアムなマックスクッションシューズとして期待されています。,耐久性とトラクションに優れた高摩耗性ラバーアウトソール | シリーズ史上最高のクッション性（ヒール46mm） | 快適性とフィット感を高めるエンジニアードメッシュアッパーとパッド | Nikeの新しいラインナップにおけるマックスクッションの主役 | ZoomXとReactXの二層ミッドソールによる快適な履き心地,ミッドソールのZoomX表記が実際はReactXフォームの大部分を占めるため、誤解を招く可能性がある | メンズ10.5サイズで約12オンスと重い | 過去のVomeroシリーズは一貫性に欠けるモデルがあった,85.0,All,毎日のトレーニング、長距離ラン,2025-11-25 14:00:00
Nike,Lunar 1 Flyknit,Daily Trainer,,160,161.595,,,,1,https://believeintherun.com/shoe-reviews/nike-lunar-1-flyknit-womens-running-shoe-review/,site:believeintherun.com Nike running shoes,Nike Lunar 1 Flyknitは、美しいデザインと優れたフィット感が特徴の軽量ランニングシューズです。ポリエステル糸の一体型アッパーが足に吸い付くような快適な履き心地を提供し、通気性も確保されています。Nike独自のLunarlonクッションとラバーラグにより、軽量ながらも十分なサポートとクッション性があり、長距離ランにも適しています。初期の慣らし期間や薄いソックスでのかかと擦れ、タンのずれといった軽微な問題はあるものの、全体的には非常に高く評価されており、価格に見合う価値があるとされています。,履き込むほどに足に馴染み、快適さが増す | 優れた通気性（サポートが必要な部分は密に、通気が必要な部分は開いた編み方） | 美しいデザインとユニークなフィット感 | 軽量ながら十分なサポートとクッション性（Lunarlonクッション） | 足に吸い付くような、きつすぎない快適なフィット感 | ポリエステル糸の一体型アッパーによる縫い目のない快適な履き心地 | 長距離ランに適した追加のサポートと保護（ヒールとフォアフットのラバーラグ）,薄いパッドのシュータンが数マイル走るとずれることがある | 初期の慣らし期間が必要で、特にフォアフットが非常にきつい | 薄いソックスだと踵に水ぶくれができる可能性がある（リップ付きソックスで回避可能） | 高価 ($160),90.0,All,長距離ラン、毎日のジョグ,2025-11-25 14:00:13
Nike,Wildhorse 10,Trail,,165,306,9.5,38,28.5,1,https://believeintherun.com/shoe-reviews/nike-wildhorse-10-review/,site:believeintherun.com Nike running shoes,Nike Wildhorse 10は、前作Wildhorse 8から9をスキップして登場したトレイルシューズです。ReactXミッドソールが3mm増量され、新しいスタイリングとアッパー素材を採用し、Nikeの他のトレイルラインナップに近いデザインとなりました。非常に柔らかく快適な履き心地が特徴で、ReactXフォームは柔らかさの中にも心地よい反発性を保持します。フォアフットには柔軟なロックプレートが搭載され、保護性能が向上。Nike ATCアウトソールは様々な路面で十分なグリップ力を発揮します。全体的に快適性と保護性能が大幅に向上し、長距離のトレイルランに適したモデルです。,わずかな横方向のロール感が機敏な走りを生み出す | 視認性が高く、効果的に機能するフォアフットロックプレートによる保護性能の向上 | 様々な路面で信頼できるグリップ力を発揮するNike ATCアウトソール | ReactXミッドソールによる非常に柔らかく快適な履き心地 | パッド入りのヒールカウンターと広めのトゥボックスによる快適性 | 足の形状にフィットしやすい、適応性の高いシングルレイヤーのエンジニアードメッシュアッパー | 柔らかいながらも心地よい反発性を持つReactXフォーム,フラットなトレイルや舗装路で、わずかな横方向のぐらつき感（wobbly）を感じることがある | 静止時にヒールが深く沈み込む感覚がある（ランニング中は気にならない） | つま先部分の伸縮性のあるタンの延長部分が、具体的な機能的メリットを提供しているか不明 | Wildhorse 8のより頑丈な見た目と比較して、Pegasus Trailのようなロード寄りのスタイリングになり、テクニカルな地形での能力が視覚的に伝わりにくいと感じるレビュアーもいる,90.0,All,長距離トレイルラン,2025-11-25 14:00:30
Nike,React Element 87,Unknown,,160,,,,,1,https://www.runnersworld.com/gear/a22139683/nike-react-element-87/,site:runnersworld.com Nike running shoes,Nike React Element 87は、半透明のアッパーが特徴的な、待望のライフスタイルスニーカーです。80年代のNike Internationalistを彷彿とさせるデザインに、Nikeが今年導入した革新的なReactフォームをミッドソールとアウトソールに搭載。このフォームは優れたエネルギーリターンとクッション性を提供し、疲労を軽減します。通勤、日常の用事、ファッション用途など「日常のアスリート」向けに設計されており、スピードワークやフルマラソンには不向きですが、ワークアウトの合間などには活用できます。限定リリースで入手困難な状況が続いています。,革新的なReactフォームによる優れたエネルギーリターンとクッション性 | 未来的でスタイリッシュなデザイン（半透明アッパー、幾何学的なソール） | 疲労を軽減する設計 | 通勤、日常の用事、ファッション用途に適している,転売市場では高額な価格で取引されている | 限定リリースで入手困難（Nike公式サイトでは既に完売） | スピードワークやフルマラソンなどの本格的なランニングには不向き,80.0,Beginner,通勤、日常の用事、ファッション、ワークアウトの合間,2025-11-25 13:58:11
Nike,Zoom Waffle XCs,Race/Carbon,,,,,,,1,https://www.runnersworld.com/runners-stories/a34044535/first-shoes-nike-zoom/,site:runnersworld.com Nike running shoes,大学で孤独を感じていた語り手が、クロスカントリーチームに入部し、仲間を見つける過程で出会った特別なシューズのレビュー。チーム支給の「Nike Zoom Waffle XCs」スパイクは、単なる競技用シューズではなく、チームの一員であることの象徴であり、レース当日に履くことで語り手にエリート選手のような一体感と自信を与えた。怪我により一時的に使用を断念する期間もあったが、回復後もこのシューズは語り手のランニング人生において、最も記憶に残る特別なアイテムとして大切にされている。物理的な性能以上に、精神的な支えとしての価値が強調されている。,柔らかい地面の感触を捉えつつ、地面をしっかりと掴む優れたグリップ力があった。 | チームの一員としての帰属意識と一体感を与えた。 | レース当日に履くことで、エリート選手のような特別な感覚をもたらした。,怪我の際には使用できず、クッション性のあるトレーナーに切り替える必要があった（スパイクの特性上、クッション性は低い）。 | 具体的な性能や耐久性に関する詳細な言及が少ない。,95.0,Advanced,クロスカントリーレース,2025-11-25 13:58:52
Nike,Vomero PlusNew,Unknown,,,,,,,1,https://runrepeat.com/catalog/nike-running-shoes,site:runrepeat.com Nike running shoes,このページは、Nikeランニングシューズのレビューをまとめたもので、各シューズの詳細を明らかにしています。当社のラボテストは、ランナーが必要とする各シューズの側面に着目しています。狭い足幅から広い足幅のランナー、イージーランから長距離ラン、柔軟なものから硬いソールのペアまで、あらゆるランナーに合うNikeランニングシューズをレビューしています。,,,91.0,All,毎日のジョグ、長距離ラン,2025-11-25 13:56:11
Nike,Winflo 11,Daily Trainer,,105,,,37.6,,1,https://runrepeat.com/guides/best-nike-cheap-running-shoes,site:runrepeat.com Nike running shoes,Winflo 11は、手頃な価格でありながら、優れた快適性、通気性、耐久性を兼ね備えたナイキのデイリートレーナーです。フルレングスのAirユニットと柔らかいフォームクッションが特徴で、特にヒールストライカーに快適な着地を提供します。アッパーはプレミアム感があり、アウトソールは非常に頑丈で長持ちするため、コストパフォーマンスに優れています。初心者ランナーや長時間の使用に適していますが、かかと部分がやや狭く、前作からの重量増と反応性の不足が指摘されています。,優れた耐久性 | フルレングスのAirユニット搭載 | 初心者ランナーに最適 | 価格に対する非常に高い価値 | ガセットタンによるフィット感 | 豪華なフォームクッション | 快適なエンジニアードメッシュアッパー | ヒールストライカーに理想的,反応性に欠ける | 顕著な重量増 | 前作（v10）からのわずかな値上げ | つま先部分の容積が少ない,90.0,Beginner,毎日のジョグ、長時間の使用、初心者ランナー,2025-11-25 13:57:23
Nike,Vomero Premium,Daily Trainer,,230,355,10,55.5,45.5,1,https://theruntesters.com/nike-vomero-premium-review/,site:theruntesters.com Nike running shoes,Nike Vomero Premiumは、これまでにないレベルのクッション性、快適性、反発性を提供するランニングシューズです。イージーランやロングラン、特にハードなワークアウト後のリカバリーランに最適で、リラックスしたペースでの走行に夢のような体験をもたらします。非常に高価で汎用性には欠けるため、万能な一足とは言えませんが、最高のクッション性と快適性を求めるランナーには検討する価値があります。他のマックスクッションシューズと比較しても、快適性、サポート、反発性において一歩抜きん出ており、ユニークな走行体験を提供します。,これまでにないレベルのクッション性、快適性、反発性を提供し、イージーランやロングランに最適 | 他のマックスクッションシューズよりも高いレベルの快適性、サポート、反発性を持つ | 特にハードなワークアウト後のリカバリーランに理想的で、体への衝撃を効果的に保護 | 高いスタックハイトにもかかわらず、幅広のベースにより優れた安定性とサポート性を提供 | ミッドソールの緩やかなロッカー形状により、スムーズな走行感を実現,非常に高価であり、汎用性に欠けるため、日常のあらゆるトレーニングには不向き | シューズのサイズが大きく、時には扱いにくく感じることがある | 高速走行には適しておらず、不均一な路面では機敏性に欠け、走りにくさを感じることがある | 軽量で速いシューズとの併用が推奨され、この一足で全てをこなすことはできない,80.0,Intermediate,イージーラン、ロングラン、リカバリーラン、マラソントレーニングの走行距離が多い週,2025-11-25 14:01:45
Nike,Vomero Plus,Daily Trainer,2025,180,300,10,45,35,1,https://theruntesters.com/nike-vomero-plus-review/,site:theruntesters.com Nike running shoes,Nike Vomero Plusは、2025年のベストランニングシューズの一つと評される、非常に快適で反発性に優れたマックスクッションシューズです。イージーランやロングランに最適ですが、速いペースにも対応できる汎用性も持ち合わせています。ZoomXフォームの厚いミッドソールが特徴で、Nike Invincibleシリーズのような弾む感覚と、それ以上の安定性を提供します。初心者ランナーや、日常のジョグから初のマラソンまで、あらゆる用途に対応できる一足として推奨されています。,非常に快適で反発性に優れた履き心地で、幅広いペースに対応可能 | スムーズなロッカー構造により、大きなシューズにもかかわらず軽快な足運びを実現 | イージーランやロングランで脚をしっかり保護し、日々のランニングをより楽しくする | Nike Invincible 1および2よりも安定性が高く、イージーランやロングランに適している | UKでは同クラスのハイエンドクッションシューズと比較して価格が手頃 | 耐久性が高く、100km走行後もアウトソールに摩耗が見られず、ミッドソールの反発性も維持されている,大きなシューズであるため、より路面感覚を求めるランナーには不向きな場合がある | 高いスタックと柔らかさから、特にサポートを必要とするランナーには日常使いで安定性が不足する可能性 | アッパーの通気性が最高ではないため、暑い環境でのランニングにはあまり適さない,92.0,All,"毎日のジョグ, ロングラン, マラソン練習, 初マラソン",2025-11-25 14:01:56
